mnasnet0_5,mnasnet0_75,mnasnet1_0,mnasnet1_3,resnet18,resnet34,resnet50,resnet101,resnet152,resnext50_32x4d,resnext101_32x8d,wide_resnet50_2,wide_resnet101_2,densenet121,densenet169,densenet201,densenet161,squeezenet1_0,squeezenet1_1,vgg11,vgg11_bn,vgg13,vgg13_bn,vgg16,vgg16_bn,vgg19_bn,vgg19,shufflenet_v2_x0_5,shufflenet_v2_x1_0,shufflenet_v2_x1_5,shufflenet_v2_x2_0
73.5938549041748,96.23003005981445,125.75864791870117,154.73461151123047,337.2654914855957,676.5871047973633,724.280595779419,1386.4822387695312,2057.579517364502,942.913293838501,4187.916994094849,1638.4544372558594,3325.39701461792,1253.2596588134766,1695.0609683990479,2006.6986083984375,1533.125400543213,127.78091430664062,76.49040222167969,969.158411026001,987.4212741851807,1445.0669288635254,1438.781499862671,1931.6842555999756,1943.1471824645996,2558.2847595214844,2450.0370025634766,25.67601203918457,47.01113700866699,70.65486907958984,124.00650978088379
