mnasnet0_5,mnasnet0_75,mnasnet1_0,mnasnet1_3,resnet18,resnet34,resnet50,resnet101,resnet152,resnext50_32x4d,resnext101_32x8d,wide_resnet50_2,wide_resnet101_2,densenet121,densenet169,densenet201,densenet161,squeezenet1_0,squeezenet1_1,vgg11,vgg11_bn,vgg13,vgg13_bn,vgg16,vgg16_bn,vgg19_bn,vgg19,shufflenet_v2_x0_5,shufflenet_v2_x1_0,shufflenet_v2_x1_5,shufflenet_v2_x2_0
76.5688419342041,110.06021499633789,111.0227108001709,106.77576065063477,94.70129013061523,165.27700424194336,198.25124740600586,334.9580764770508,483.86406898498535,744.6599006652832,1681.8113327026367,350.47173500061035,625.0591278076172,302.2429943084717,384.19270515441895,463.4745121002197,551.4049530029297,65.80495834350586,54.05092239379883,200.08349418640137,212.39924430847168,356.0783863067627,373.6722469329834,436.8278980255127,457.84544944763184,542.3552989959717,519.4413661956787,104.76231575012207,104.06899452209473,101.51362419128418,83.84227752685547
