mnasnet0_5,mnasnet0_75,mnasnet1_0,mnasnet1_3,resnet18,resnet34,resnet50,resnet101,resnet152,resnext50_32x4d,resnext101_32x8d,wide_resnet50_2,wide_resnet101_2,densenet121,densenet169,densenet201,densenet161,squeezenet1_0,squeezenet1_1,vgg11,vgg11_bn,vgg13,vgg13_bn,vgg16,vgg16_bn,vgg19_bn,vgg19,shufflenet_v2_x0_5,shufflenet_v2_x1_0,shufflenet_v2_x1_5,shufflenet_v2_x2_0
73.09460639953613,110.87560653686523,103.13725471496582,111.20319366455078,101.70578956604004,184.42535400390625,217.26441383361816,373.6145496368408,550.6315231323242,772.0839977264404,2044.7816848754883,370.6395626068115,662.4233722686768,389.9977207183838,501.4650821685791,596.2278842926025,630.7172775268555,103.52921485900879,79.8494815826416,204.9546241760254,213.28043937683105,364.5663261413574,377.06780433654785,448.0111598968506,462.4667167663574,547.2896099090576,530.4770469665527,87.60309219360352,92.47875213623047,89.39957618713379,105.5154800415039
