mnasnet0_5,mnasnet0_75,mnasnet1_0,mnasnet1_3,resnet18,resnet34,resnet50,resnet101,resnet152,resnext50_32x4d,resnext101_32x8d,wide_resnet50_2,wide_resnet101_2,densenet121,densenet169,densenet201,densenet161,squeezenet1_0,squeezenet1_1,vgg11,vgg11_bn,vgg13,vgg13_bn,vgg16,vgg16_bn,vgg19_bn,vgg19,shufflenet_v2_x0_5,shufflenet_v2_x1_0,shufflenet_v2_x1_5,shufflenet_v2_x2_0
19.413471221923828,19.03676986694336,21.953582763671875,26.171445846557617,35.9339714050293,65.31000137329102,64.39638137817383,117.71678924560547,170.5648899078369,242.51556396484375,761.2717151641846,111.46116256713867,207.52716064453125,138.98491859436035,183.335542678833,221.0710048675537,219.03181076049805,31.018495559692383,27.81081199645996,61.49625778198242,62.03031539916992,103.83009910583496,105.70788383483887,129.7895908355713,132.5969696044922,160.86506843566895,156.94570541381836,35.54654121398926,19.06895637512207,20.357370376586914,22.678613662719727
