mnasnet0_5,mnasnet0_75,mnasnet1_0,mnasnet1_3,resnet18,resnet34,resnet50,resnet101,resnet152,resnext50_32x4d,resnext101_32x8d,wide_resnet50_2,wide_resnet101_2,densenet121,densenet169,densenet201,densenet161,squeezenet1_0,squeezenet1_1,vgg11,vgg11_bn,vgg13,vgg13_bn,vgg16,vgg16_bn,vgg19_bn,vgg19,shufflenet_v2_x0_5,shufflenet_v2_x1_0,shufflenet_v2_x1_5,shufflenet_v2_x2_0
21.1336612701416,25.064945220947266,20.84970474243164,24.35922622680664,32.5620174407959,55.710554122924805,56.95819854736328,93.43671798706055,132.4136257171631,217.21935272216797,507.6713562011719,103.01494598388672,186.46836280822754,88.40560913085938,111.65189743041992,132.6735019683838,157.26780891418457,18.611669540405273,12.543439865112305,63.86208534240723,65.35172462463379,107.32507705688477,112.61415481567383,135.26439666748047,141.50333404541016,167.78874397277832,161.60011291503906,18.997669219970703,18.742799758911133,19.242048263549805,19.428730010986328
