mnasnet0_5,mnasnet0_75,mnasnet1_0,mnasnet1_3,resnet18,resnet34,resnet50,resnet101,resnet152,resnext50_32x4d,resnext101_32x8d,wide_resnet50_2,wide_resnet101_2,densenet121,densenet169,densenet201,densenet161,squeezenet1_0,squeezenet1_1,vgg11,vgg11_bn,vgg13,vgg13_bn,vgg16,vgg16_bn,vgg19_bn,vgg19,shufflenet_v2_x0_5,shufflenet_v2_x1_0,shufflenet_v2_x1_5,shufflenet_v2_x2_0
265.4762268066406,331.5131664276123,414.60633277893066,496.8678951263428,906.6290855407715,1826.7512321472168,2113.844156265259,4237.556219100952,6007.651805877686,2966.289520263672,10889.99629020691,4883.084535598755,9967.74172782898,2439.9890899658203,3121.0479736328125,3803.307056427002,4381.762742996216,472.42188453674316,257.1897506713867,2718.50323677063,2754.4021606445312,4251.594543457031,4352.941513061523,5545.615196228027,5685.513734817505,7221.405506134033,6848.527908325195,158.03956985473633,204.54955101013184,292.0699119567871,443.70198249816895
