mnasnet0_5,mnasnet0_75,mnasnet1_0,mnasnet1_3,resnet18,resnet34,resnet50,resnet101,resnet152,resnext50_32x4d,resnext101_32x8d,wide_resnet50_2,wide_resnet101_2,densenet121,densenet169,densenet201,densenet161,squeezenet1_0,squeezenet1_1,vgg11,vgg11_bn,vgg13,vgg13_bn,vgg16,vgg16_bn,vgg19_bn,vgg19,shufflenet_v2_x0_5,shufflenet_v2_x1_0,shufflenet_v2_x1_5,shufflenet_v2_x2_0
9.826898574829102,10.055065155029297,9.373664855957031,10.459184646606445,7.016897201538086,10.456085205078125,17.96436309814453,28.959274291992188,40.65513610839844,20.49875259399414,60.492515563964844,41.11313819885254,57.42287635803223,24.42479133605957,32.129764556884766,40.743350982666016,46.56410217285156,8.889198303222656,6.571769714355469,15.13814926147461,16.08109474182129,20.625829696655273,29.626131057739258,24.686574935913086,26.37195587158203,31.213760375976562,29.530048370361328,11.401891708374023,11.687040328979492,11.934995651245117,14.140605926513672
