mnasnet0_5,mnasnet0_75,mnasnet1_0,mnasnet1_3,resnet18,resnet34,resnet50,resnet101,resnet152,resnext50_32x4d,resnext101_32x8d,wide_resnet50_2,wide_resnet101_2,densenet121,densenet169,densenet201,densenet161,squeezenet1_0,squeezenet1_1,vgg11,vgg11_bn,vgg13,vgg13_bn,vgg16,vgg16_bn,vgg19_bn,vgg19,shufflenet_v2_x0_5,shufflenet_v2_x1_0,shufflenet_v2_x1_5,shufflenet_v2_x2_0
41.594743728637695,39.437055587768555,36.32473945617676,44.57688331604004,25.07185935974121,35.301923751831055,62.81399726867676,104.45451736450195,158.48517417907715,72.7071762084961,213.6847972869873,112.21170425415039,188.14635276794434,96.26436233520508,137.4187469482422,170.43304443359375,156.10694885253906,23.073434829711914,21.799325942993164,42.86479949951172,48.218488693237305,59.45229530334473,68.24135780334473,72.25537300109863,81.67123794555664,96.76146507263184,89.0805721282959,41.64838790893555,42.97900199890137,47.637224197387695,41.539669036865234
