mnasnet0_5,mnasnet0_75,mnasnet1_0,mnasnet1_3,resnet18,resnet34,resnet50,resnet101,resnet152,resnext50_32x4d,resnext101_32x8d,wide_resnet50_2,wide_resnet101_2,densenet121,densenet169,densenet201,densenet161,squeezenet1_0,squeezenet1_1,vgg11,vgg11_bn,vgg13,vgg13_bn,vgg16,vgg16_bn,vgg19_bn,vgg19,shufflenet_v2_x0_5,shufflenet_v2_x1_0,shufflenet_v2_x1_5,shufflenet_v2_x2_0
20.44534683227539,25.55680274963379,29.24203872680664,34.13891792297363,54.19301986694336,103.6529541015625,109.47227478027344,205.52754402160645,292.16456413269043,326.02620124816895,886.3551616668701,192.69967079162598,359.9131107330322,179.85129356384277,280.32755851745605,357.9728603363037,376.6343593597412,21.541595458984375,21.427392959594727,64.09788131713867,67.31891632080078,87.66794204711914,90.54875373840332,117.44976043701172,120.18728256225586,149.60861206054688,146.93474769592285,17.872095108032227,22.324800491333008,23.868560791015625,32.16075897216797
