mnasnet0_5,mnasnet0_75,mnasnet1_0,mnasnet1_3,resnet18,resnet34,resnet50,resnet101,resnet152,resnext50_32x4d,resnext101_32x8d,wide_resnet50_2,wide_resnet101_2,densenet121,densenet169,densenet201,densenet161,squeezenet1_0,squeezenet1_1,vgg11,vgg11_bn,vgg13,vgg13_bn,vgg16,vgg16_bn,vgg19_bn,vgg19,shufflenet_v2_x0_5,shufflenet_v2_x1_0,shufflenet_v2_x1_5,shufflenet_v2_x2_0
9.66787338256836,10.918378829956055,9.771108627319336,11.13271713256836,6.4640045166015625,9.292840957641602,15.285491943359375,24.031877517700195,33.112525939941406,18.148422241210938,56.42414093017578,26.616811752319336,40.88449478149414,26.423931121826172,36.684513092041016,48.65574836730957,45.5317497253418,6.958246231079102,6.824254989624023,10.647773742675781,12.273311614990234,13.664960861206055,15.218973159790039,16.338109970092773,17.136096954345703,20.782947540283203,18.85700225830078,20.784854888916016,10.830879211425781,11.527299880981445,13.261556625366211
