mnasnet0_5,mnasnet0_75,mnasnet1_0,mnasnet1_3,resnet18,resnet34,resnet50,resnet101,resnet152,resnext50_32x4d,resnext101_32x8d,wide_resnet50_2,wide_resnet101_2,densenet121,densenet169,densenet201,densenet161,squeezenet1_0,squeezenet1_1,vgg11,vgg11_bn,vgg13,vgg13_bn,vgg16,vgg16_bn,vgg19_bn,vgg19,shufflenet_v2_x0_5,shufflenet_v2_x1_0,shufflenet_v2_x1_5,shufflenet_v2_x2_0
145.1270580291748,156.89516067504883,163.4976863861084,180.04560470581055,134.06920433044434,234.88354682922363,294.25692558288574,498.13389778137207,690.0420188903809,1412.86039352417,2724.2586612701416,476.2768745422363,861.2539768218994,423.62165451049805,577.5008201599121,715.8517837524414,704.0319442749023,111.56845092773438,90.49272537231445,261.0464096069336,273.76294136047363,477.82063484191895,491.3468360900879,560.6732368469238,579.0846347808838,672.0037460327148,649.000883102417,90.56949615478516,93.11890602111816,97.01967239379883,112.05148696899414
