mnasnet0_5,mnasnet0_75,mnasnet1_0,mnasnet1_3,resnet18,resnet34,resnet50,resnet101,resnet152,resnext50_32x4d,resnext101_32x8d,wide_resnet50_2,wide_resnet101_2,densenet121,densenet169,densenet201,densenet161,squeezenet1_0,squeezenet1_1,vgg11,vgg11_bn,vgg13,vgg13_bn,vgg16,vgg16_bn,vgg19_bn,vgg19,shufflenet_v2_x0_5,shufflenet_v2_x1_0,shufflenet_v2_x1_5,shufflenet_v2_x2_0
35.90583801269531,37.793636322021484,42.2518253326416,46.91171646118164,22.658109664916992,34.2254638671875,57.997941970825195,99.10750389099121,142.7931785583496,66.08843803405762,192.20423698425293,97.00369834899902,165.01784324645996,97.59974479675293,130.04112243652344,165.52424430847168,162.52493858337402,22.361040115356445,19.00768280029297,35.19320487976074,41.3510799407959,48.05779457092285,58.837890625,61.31339073181152,72.33309745788574,85.01172065734863,72.18670845031738,49.82423782348633,38.94400596618652,39.35360908508301,41.602134704589844
